Student,137,138,139
LizaH,ASN,PRO,GLN
LizaH,ASN,PRO,ASP
LizaH,GLN,PRO,ASP
LizaH,GLN,PRO,GLU
LizaH,GLN,GLY,GLU
LizaH,GLN,GLY,GLU
LizaH,SER,LEU,THR
LizaH,SER,LEU,SER
LizaH,SER,LEU,GLU
LizaH,SER,ILE,THR
LizaH,THR,VAL,GLU
LizaH,THR,VAL,ASP
LizaH,GLU,VAL,ASN
LizaH,GLU,VAL,ASP
LizaH,ASP,VAL,THR
LizaH,ASP,VAL,SER
Pavlo,ASP,LYS,ASP
Pavlo,TYR,LYS,ASP
Pavlo,ASP,ARG,ASP
Pavlo,MET,LYS,ASP
Pavlo,HIS,GLY,ASP
Pavlo,ASP,THR,ASP
Pavlo,SER,GLY,SER
Pavlo,SER,GLY,ASP
Pavlo,ASP,GLY,SER
Pavlo,SER,GLY,ASP
Pavlo,THR,ALA,ASP
Pavlo,ASP,TYR,ASP
Pavlo,THR,ASN,THR
Pavlo,THR,GLY,THR
Pavlo,ASP,ARG,SER
Pavlo,HIS,LYS,ASP
LizaR,ALA,SER,ASP
LizaR,ARG,GLY,GLU
LizaR,PHE,ASN,TYR
LizaR,GLY,CYS,LYS
LizaR,HIS,GLN,ILE
LizaR,LEU,GLU,GLY
LizaR,MET,THR,ASP
LizaR,VAL,VAL,ARG
LizaR,LYS,PHE,SER
LizaR,ASP,GLU,GLU
LizaR,CYS,HIS,HIS
LizaR,TRP,ASN,TRP
LizaR,ASN,GLY,GLY
LizaR,GLN,ARG,MET
LizaR,THR,THR,THR
LizaR,PRO,ALA,ALA
Dana,LYS,SER,VAL
Dana,HIS,THR,ILE
Dana,ARG,ALA,MET
Dana,ASP,ASN,LEU
Dana,GLN,CYS,PHE
Dana,TRP,HIS,TYR
Dana,ASN,GLY,TRP
Dana,VAL,GLU,LYS
Dana,ILE,GLN,ARG
Dana,MET,PHE,THR
Dana,CYS,TYR,ASN
Dana,GLU,VAL,HIS
Dana,SER,ILE,TRP
Dana,THR,MET,GLY
Dana,PHE,ASP,ALA
Dana,GLY,GLN,CYS
Yaroslava,LEU,THR,GLU
Yaroslava,VAL,ARG,SER
Yaroslava,GLY,GLN,TYR
Yaroslava,ALA,LYS,ILE
Yaroslava,SER,PRO,ASN
Yaroslava,PHE,ALA,GLY
Yaroslava,ILE,MET,HIS
Yaroslava,ASN,THR,ARG
Yaroslava,CYS,SER,VAL
Yaroslava,LYS,PHE,ASP
Yaroslava,CYS,ARG,HIS
Yaroslava,ARG,GLU,TRP
Yaroslava,VAL,HIS,PHE
Yaroslava,MET,ALA,CYS
Yaroslava,THR,ASN,GLN
Yaroslava,TYR,SER,ILE
Rehina,CYS,SER,ASN
Rehina,VAL,CYS,PHE
Rehina,ASN,ILE,TYR
Rehina,ILE,HIS,CYS
Rehina,TYR,CYS,ARG
Rehina,CYS,HIS,ARG
Rehina,HIS,CYS,VAL
Rehina,SER,TRP,CYS
Rehina,TRP,CYS,TYR
Rehina,VAL,MET,MET
Rehina,VAL,ASN,VAL
Rehina,ILE,SER,SER
Rehina,GLY,VAL,TRP
Rehina,ASN,MET,ILE
Rehina,MET,GLY,TYR
Rehina,GLY,SER,HIS